en_level,n,mean_score,pass_rate
1,14,0.7857142857142857,0.7857142857142857
2,11,0.6363636363636364,0.6363636363636364
3,3,0.3333333333333333,0.3333333333333333
