language,level_col,n,spearman_vs_fair_pay_score,abs_spearman
de,de_level,28,0.49930699897395464,0.49930699897395464
en,en_level,28,-0.27278835145973973,0.27278835145973973
