en_level,n,mean_bargain,median_bargain
1,107,-0.09530772862789803,-0.12501382691291726
2,37,0.26124012793606105,0.16651065378941377
3,7,0.0760060327929761,0.1739989728731643
