de_level,n,mean_bargain,median_bargain
0,104,-0.04324128088836814,-0.12089068369951073
1,17,0.038782831320426835,0.01646044019747883
2,14,0.17825871898554335,0.13662838171869932
3,16,0.08388518838408916,0.1879515285302566
