language,level_col,n,spearman_vs_bargain_score,abs_spearman
de,de_level,151,0.1801495689713544,0.1801495689713544
en,en_level,151,0.18340871106148238,0.18340871106148238
