factor,label,n_vs_score,spearman_vs_fair_pay_score,abs_spearman_vs_score,n_vs_wage,spearman_vs_hourly_avg_eur,abs_spearman_vs_wage
de_level,German requirement level,28,0.49930699897395464,0.49930699897395464,28,0.253834840812728,0.253834840812728
language_is_de,Posting language is German,28,0.4736842105263159,0.4736842105263159,28,0.16637950963303655,0.16637950963303655
en_level,English requirement level,28,-0.27278835145973973,0.27278835145973973,28,-0.04614609765386177,0.04614609765386177
bid_count,Bid count,26,0.18334318518320206,0.18334318518320206,26,0.025579535216884084,0.025579535216884084
n_skills,Number of skill tags,28,-0.11210543239069184,0.11210543239069184,28,-0.09512284366034783,0.09512284366034783
commitment_hours,Weekly commitment hours,28,,,28,,
has_local,On-site / local required,4,,,4,,
